{
  "resources": ["audio/sprites/sfx-master.ogg"],
  "spritemap": {
    "impactWoodLight": { "start": 0.0, "end": 0.262698 },
    "impactWoodMedium": { "start": 0.262698, "end": 0.592471 },
    "impactWoodHeavy": { "start": 0.592471, "end": 0.902607 },
    "impactGlassLight": { "start": 0.902607, "end": 1.133355 },
    "impactGlassMedium": { "start": 1.133355, "end": 1.673809 },
    "impactGlassHeavy": { "start": 1.673809, "end": 1.912131 },
    "impactStoneLight": { "start": 1.912131, "end": 2.023582 },
    "impactStoneMedium": { "start": 2.023582, "end": 2.133469 },
    "impactStoneHeavy": { "start": 2.133469, "end": 2.238208 },
    "impactMetalLight": { "start": 2.238208, "end": 3.175646 },
    "impactMetalMedium": { "start": 3.175646, "end": 3.980317 },
    "impactMetalHeavy": { "start": 3.980317, "end": 4.810612 },
    "pigDestroy01": { "start": 4.810612, "end": 5.241156 },
    "pigDestroy02": { "start": 5.241156, "end": 5.642857 },
    "pigDestroy03": { "start": 5.642857, "end": 6.184263 },
    "pigDestroy04": { "start": 6.184263, "end": 6.639524 },
    "pigDestroy05": { "start": 6.639524, "end": 7.182449 },
    "pigDestroy06": { "start": 7.182449, "end": 7.831474 },
    "pigDestroy07": { "start": 7.831474, "end": 8.367415 },
    "pigDestroy08": { "start": 8.367415, "end": 8.824898 },
    "pigDestroy09": { "start": 8.824898, "end": 9.298708 },
    "pigDestroy10": { "start": 9.298708, "end": 9.835057 },
    "click": { "start": 9.835057, "end": 9.932177 },
    "select": { "start": 9.932177, "end": 9.972562 },
    "back": { "start": 9.972562, "end": 10.033537 },
    "drop": { "start": 10.033537, "end": 10.1656 },
    "pluck": { "start": 10.1656, "end": 10.265124 },
    "birdLaunch": { "start": 10.265124, "end": 10.741687 },
    "birdImpact": { "start": 10.741687, "end": 10.85629 },
    "explosion": { "start": 10.85629, "end": 11.35434 },
    "birdSplit": { "start": 11.35434, "end": 11.469442 },
    "jingleWin": { "start": 11.469442, "end": 11.877832 },
    "jingleLose": { "start": 11.877832, "end": 13.635678 },
    "musicMenu": { "start": 13.635678, "end": 45.475678 },
    "musicForest": { "start": 45.475678, "end": 53.515678 },
    "musicDesert": { "start": 53.515678, "end": 83.055678 },
    "musicCastle": { "start": 83.055678, "end": 95.055678 },
    "musicIce": { "start": 95.055678, "end": 109.805678 }
  }
}
